{"loss_train": 0.028111323714256287, "loss_vali": 0.030696389265358448, "loss_vali_ite": 0, "loss_vali_no_ite": 0.030696389265358445, "_timestamp": 1665058431.5180125, "_runtime": 5198.878121614456, "_step": 687}